{ "compressionlevel":-1,
 "height":27,
 "infinite":false,
 "layers":[
        {
         "data":[0, 0, 0, 0, 0, 0, 0, 0, 0, 0, 0, 0, 0, 0, 0, 0, 0, 0, 0, 0, 0,
            0, 0, 0, 0, 0, 0, 0, 0, 0, 0, 0, 0, 0, 0, 0, 0, 0, 0, 0, 0, 0,
            0, 0, 0, 0, 0, 0, 0, 0, 0, 0, 0, 0, 0, 0, 0, 0, 0, 0, 0, 0, 0,
            0, 0, 0, 0, 0, 0, 0, 0, 0, 0, 0, 0, 0, 0, 0, 0, 0, 0, 0, 0, 0,
            0, 0, 0, 0, 0, 0, 0, 0, 0, 0, 0, 0, 0, 0, 0, 0, 0, 0, 0, 0, 0,
            0, 0, 0, 0, 106, 106, 106, 106, 106, 106, 106, 106, 106, 106, 106, 106, 106, 106, 0, 0, 0,
            0, 0, 0, 0, 106, 106, 106, 106, 106, 106, 106, 106, 106, 106, 106, 106, 106, 106, 0, 0, 0,
            0, 0, 0, 0, 106, 106, 106, 106, 106, 106, 106, 106, 106, 106, 106, 106, 106, 106, 0, 0, 0,
            0, 0, 0, 0, 106, 106, 106, 106, 106, 106, 106, 106, 106, 106, 106, 106, 106, 106, 0, 0, 0,
            0, 0, 0, 0, 106, 106, 106, 106, 106, 106, 106, 106, 106, 106, 106, 106, 106, 106, 0, 0, 0,
            0, 0, 0, 0, 106, 106, 106, 106, 106, 106, 106, 106, 106, 106, 106, 106, 106, 106, 0, 0, 0,
            0, 0, 0, 0, 30, 31, 31, 31, 31, 31, 31, 31, 31, 31, 31, 31, 31, 32, 0, 0, 0,
            0, 0, 0, 0, 69, 70, 70, 70, 70, 70, 70, 70, 70, 70, 70, 70, 70, 71, 0, 0, 0,
            0, 0, 0, 0, 69, 70, 70, 70, 70, 70, 70, 70, 70, 70, 70, 70, 70, 71, 0, 0, 0,
            0, 0, 0, 0, 108, 109, 109, 109, 109, 109, 109, 109, 109, 109, 109, 109, 109, 110, 0, 0, 0,
            0, 0, 0, 0, 106, 106, 106, 106, 106, 106, 106, 106, 106, 106, 106, 106, 106, 106, 0, 0, 0,
            0, 0, 0, 0, 106, 106, 106, 106, 106, 106, 106, 106, 106, 106, 106, 106, 106, 106, 0, 0, 0,
            0, 0, 0, 0, 106, 106, 106, 106, 106, 106, 106, 106, 106, 106, 106, 106, 106, 106, 0, 0, 0,
            0, 0, 0, 0, 106, 106, 106, 106, 106, 106, 106, 106, 106, 106, 106, 106, 106, 106, 0, 0, 0,
            0, 0, 0, 0, 106, 106, 106, 106, 106, 106, 106, 106, 106, 106, 106, 106, 106, 106, 0, 0, 0,
            0, 0, 0, 0, 106, 106, 106, 106, 106, 106, 106, 106, 106, 106, 106, 106, 106, 106, 0, 0, 0,
            0, 0, 0, 0, 106, 106, 106, 106, 106, 106, 106, 106, 106, 106, 106, 106, 106, 106, 0, 0, 0,
            0, 0, 0, 0, 106, 106, 106, 106, 106, 106, 106, 106, 106, 106, 106, 106, 106, 106, 0, 0, 0,
            0, 0, 0, 0, 106, 106, 106, 106, 106, 106, 106, 106, 106, 106, 106, 106, 106, 106, 0, 0, 0,
            0, 0, 0, 0, 106, 106, 106, 106, 106, 106, 106, 106, 106, 106, 106, 106, 106, 106, 0, 0, 0,
            0, 0, 0, 0, 0, 0, 0, 106, 106, 106, 106, 0, 0, 0, 0, 0, 0, 0, 0, 0, 0,
            0, 0, 0, 0, 0, 0, 0, 106, 106, 106, 106, 0, 0, 0, 0, 0, 0, 0, 0, 0, 0],
         "height":27,
         "id":1,
         "name":"Ground1",
         "opacity":1,
         "type":"tilelayer",
         "visible":true,
         "width":21,
         "x":0,
         "y":0
        }, 
        {
         "data":[0, 0, 0, 0, 0, 0, 0, 0, 0, 0, 0, 0, 0, 0, 0, 0, 0, 0, 0, 0, 0,
            0, 0, 0, 0, 0, 0, 0, 0, 0, 0, 0, 0, 0, 0, 0, 0, 0, 0, 0, 0, 0,
            0, 0, 0, 0, 0, 0, 0, 0, 0, 0, 0, 0, 0, 0, 0, 0, 0, 0, 0, 0, 0,
            0, 0, 0, 0, 0, 0, 0, 0, 0, 0, 0, 0, 0, 0, 0, 0, 0, 0, 0, 0, 0,
            0, 0, 0, 0, 67, 68, 68, 68, 68, 68, 68, 68, 68, 68, 68, 68, 68, 147, 0, 0, 0,
            0, 0, 0, 0, 0, 0, 0, 0, 0, 0, 0, 0, 0, 0, 0, 0, 0, 0, 0, 0, 0,
            0, 0, 0, 0, 0, 0, 0, 0, 0, 0, 0, 0, 0, 0, 0, 0, 0, 0, 0, 0, 0,
            0, 0, 0, 0, 0, 0, 0, 0, 0, 0, 0, 0, 0, 0, 0, 0, 0, 0, 0, 0, 0,
            0, 0, 0, 0, 0, 0, 0, 0, 0, 0, 0, 0, 0, 0, 0, 0, 0, 0, 0, 0, 0,
            0, 0, 0, 0, 0, 0, 0, 0, 0, 0, 0, 0, 0, 0, 0, 0, 0, 0, 0, 0, 0,
            0, 0, 0, 0, 67, 68, 68, 68, 68, 68, 68, 68, 68, 68, 68, 68, 0, 1011, 0, 0, 0,
            0, 0, 0, 0, 0, 0, 0, 0, 0, 0, 0, 0, 0, 0, 0, 0, 0, 1010, 0, 0, 0,
            0, 0, 0, 0, 0, 0, 0, 0, 0, 0, 602, 603, 0, 0, 0, 0, 0, 841, 0, 0, 0,
            0, 0, 0, 0, 0, 0, 21, 22, 0, 0, 641, 642, 0, 0, 21, 22, 0, 802, 0, 0, 0,
            0, 0, 0, 0, 0, 0, 0, 0, 0, 0, 0, 0, 0, 0, 0, 0, 0, 841, 0, 0, 0,
            0, 0, 0, 0, 0, 0, 0, 0, 0, 0, 0, 0, 0, 0, 0, 0, 0, 106, 0, 0, 0,
            0, 0, 0, 0, 0, 0, 0, 0, 0, 0, 0, 0, 0, 0, 0, 0, 0, 0, 0, 0, 0,
            0, 0, 0, 0, 0, 0, 0, 0, 135, 135, 135, 267, 0, 0, 0, 0, 0, 0, 0, 0, 0,
            0, 0, 0, 0, 0, 0, 0, 0, 0, 0, 0, 0, 0, 0, 0, 0, 0, 0, 0, 0, 0,
            0, 0, 0, 0, 0, 0, 0, 0, 0, 0, 0, 0, 0, 0, 0, 0, 0, 0, 0, 0, 0,
            0, 0, 0, 0, 0, 0, 0, 0, 0, 0, 0, 0, 0, 0, 0, 0, 0, 0, 0, 0, 0,
            0, 0, 0, 0, 0, 0, 0, 0, 0, 0, 135, 135, 0, 0, 0, 0, 267, 135, 0, 0, 0,
            0, 0, 0, 0, 0, 0, 0, 0, 0, 0, 0, 0, 0, 0, 0, 0, 0, 0, 0, 0, 0,
            0, 0, 0, 0, 0, 0, 0, 0, 0, 0, 0, 0, 267, 267, 135, 135, 0, 0, 0, 0, 0,
            0, 0, 0, 0, 0, 0, 0, 0, 0, 0, 0, 0, 0, 0, 0, 0, 0, 0, 0, 0, 0,
            0, 0, 0, 0, 0, 0, 0, 0, 0, 0, 0, 0, 0, 0, 0, 0, 0, 0, 0, 0, 0,
            0, 0, 0, 0, 0, 0, 0, 0, 0, 0, 0, 0, 0, 0, 0, 0, 0, 0, 0, 0, 0],
         "height":27,
         "id":2,
         "name":"Ground2",
         "opacity":1,
         "type":"tilelayer",
         "visible":true,
         "width":21,
         "x":0,
         "y":0
        }, 
        {
         "data":[0, 0, 0, 0, 0, 0, 0, 0, 0, 0, 0, 0, 0, 0, 0, 0, 0, 0, 0, 0, 0,
            0, 0, 0, 0, 0, 0, 0, 0, 0, 0, 0, 0, 0, 0, 0, 0, 0, 0, 0, 0, 0,
            0, 0, 0, 0, 0, 0, 0, 0, 0, 0, 0, 0, 0, 0, 0, 0, 0, 0, 0, 0, 0,
            0, 0, 0, 0, 0, 0, 0, 0, 0, 0, 0, 0, 0, 0, 0, 0, 0, 0, 0, 0, 0,
            0, 0, 0, 0, 0, 0, 0, 0, 0, 0, 0, 0, 0, 0, 0, 0, 0, 0, 0, 0, 0,
            0, 0, 0, 0, 132, 132, 133, 134, 132, 132, 132, 132, 133, 134, 132, 132, 133, 134, 0, 0, 0,
            0, 0, 0, 0, 0, 0, 0, 0, 0, 0, 0, 0, 0, 0, 0, 0, 0, 0, 0, 0, 0,
            0, 0, 0, 0, 0, 0, 133, 134, 133, 134, 133, 134, 133, 134, 133, 134, 0, 0, 0, 0, 0,
            0, 0, 0, 0, 0, 0, 0, 0, 0, 0, 0, 0, 0, 0, 0, 0, 0, 0, 0, 0, 0,
            0, 0, 0, 0, 133, 134, 154, 133, 134, 133, 134, 133, 134, 267, 153, 0, 0, 0, 0, 0, 0,
            0, 0, 0, 0, 0, 0, 0, 0, 0, 0, 0, 0, 0, 0, 0, 0, 0, 0, 0, 0, 0,
            0, 0, 0, 0, 0, 0, 0, 0, 0, 0, 0, 0, 0, 0, 0, 0, 0, 0, 0, 0, 0,
            0, 0, 0, 0, 21, 22, 654, 655, 21, 22, 0, 0, 0, 652, 653, 654, 655, 0, 0, 0, 0,
            0, 0, 0, 0, 0, 0, 693, 694, 0, 0, 0, 0, 0, 691, 692, 693, 694, 0, 0, 0, 0,
            0, 0, 0, 0, 0, 0, 0, 0, 21, 22, 0, 21, 22, 0, 0, 0, 0, 106, 0, 0, 0,
            0, 0, 0, 0, 132, 132, 133, 134, 267, 154, 133, 134, 153, 267, 133, 134, 132, 0, 0, 0, 0,
            0, 0, 0, 0, 0, 0, 0, 0, 0, 0, 0, 0, 0, 0, 0, 0, 0, 0, 0, 0, 0,
            0, 0, 0, 0, 0, 0, 72, 73, 132, 132, 132, 0, 133, 134, 133, 134, 133, 134, 0, 0, 0,
            0, 0, 0, 0, 0, 0, 0, 0, 0, 0, 0, 0, 0, 0, 0, 0, 0, 0, 0, 0, 0,
            0, 0, 0, 0, 0, 0, 133, 134, 133, 134, 133, 134, 153, 267, 133, 134, 132, 132, 0, 0, 0,
            0, 0, 0, 0, 0, 0, 0, 0, 0, 0, 0, 0, 0, 0, 0, 0, 0, 0, 0, 0, 0,
            0, 0, 0, 0, 0, 0, 133, 134, 133, 134, 132, 132, 133, 134, 133, 134, 267, 132, 0, 0, 0,
            0, 0, 0, 0, 0, 0, 0, 0, 0, 0, 0, 0, 0, 0, 0, 0, 0, 0, 0, 0, 0,
            0, 0, 0, 0, 0, 106, 154, 268, 133, 134, 133, 134, 191, 154, 132, 132, 133, 134, 0, 0, 0,
            0, 0, 0, 0, 0, 0, 0, 0, 0, 0, 0, 0, 0, 0, 0, 0, 0, 0, 0, 0, 0,
            0, 0, 0, 0, 0, 0, 0, 0, 0, 0, 0, 0, 0, 0, 0, 0, 0, 0, 0, 0, 0,
            0, 0, 0, 0, 0, 0, 0, 0, 0, 0, 0, 0, 0, 0, 0, 0, 0, 0, 0, 0, 0],
         "height":27,
         "id":3,
         "name":"Ground3",
         "opacity":1,
         "type":"tilelayer",
         "visible":true,
         "width":21,
         "x":0,
         "y":0
        }, 
        {
         "draworder":"topdown",
         "id":5,
         "name":"Boundaries",
         "objects":[
                {
                 "height":7,
                 "id":5,
                 "name":"door-exit",
                 "rotation":0,
                 "type":"",
                 "visible":true,
                 "width":64,
                 "x":112,
                 "y":425
                }, 
                {
                 "height":24,
                 "id":6,
                 "name":"",
                 "rotation":0,
                 "type":"",
                 "visible":true,
                 "width":4,
                 "x":108,
                 "y":400
                }, 
                {
                 "height":25,
                 "id":7,
                 "name":"",
                 "rotation":0,
                 "type":"",
                 "visible":true,
                 "width":4,
                 "x":176,
                 "y":400
                }, 
                {
                 "height":4,
                 "id":8,
                 "name":"",
                 "rotation":0,
                 "type":"",
                 "visible":true,
                 "width":108,
                 "x":180,
                 "y":400
                }, 
                {
                 "height":4,
                 "id":9,
                 "name":"",
                 "rotation":0,
                 "type":"",
                 "visible":true,
                 "width":44,
                 "x":64,
                 "y":400
                }, 
                {
                 "height":144,
                 "id":10,
                 "name":"",
                 "rotation":0,
                 "type":"",
                 "visible":true,
                 "width":5,
                 "x":59,
                 "y":255
                }, 
                {
                 "height":305,
                 "id":11,
                 "name":"",
                 "rotation":0,
                 "type":"",
                 "visible":true,
                 "width":7,
                 "x":288,
                 "y":95
                }, 
                {
                 "height":9,
                 "id":12,
                 "name":"",
                 "rotation":0,
                 "type":"",
                 "visible":true,
                 "width":207,
                 "x":65,
                 "y":244
                }, 
                {
                 "height":66,
                 "id":13,
                 "name":"",
                 "rotation":0,
                 "type":"",
                 "visible":true,
                 "width":16,
                 "x":256,
                 "y":176
                }, 
                {
                 "height":13,
                 "id":14,
                 "name":"",
                 "rotation":0,
                 "type":"",
                 "visible":true,
                 "width":189,
                 "x":98,
                 "y":270
                }, 
                {
                 "height":13,
                 "id":15,
                 "name":"",
                 "rotation":0,
                 "type":"",
                 "visible":true,
                 "width":189,
                 "x":98,
                 "y":301
                }, 
                {
                 "height":13,
                 "id":16,
                 "name":"",
                 "rotation":0,
                 "type":"",
                 "visible":true,
                 "width":189,
                 "x":98,
                 "y":333
                }, 
                {
                 "height":13,
                 "id":17,
                 "name":"",
                 "rotation":0,
                 "type":"",
                 "visible":true,
                 "width":191,
                 "x":98,
                 "y":367
                }, 
                {
                 "height":16,
                 "id":18,
                 "name":"",
                 "rotation":0,
                 "type":"",
                 "visible":true,
                 "width":17,
                 "x":239,
                 "y":160
                }, 
                {
                 "height":49,
                 "id":19,
                 "name":"",
                 "rotation":0,
                 "type":"",
                 "visible":true,
                 "width":9,
                 "x":56,
                 "y":95
                }, 
                {
                 "height":8,
                 "id":21,
                 "name":"",
                 "rotation":0,
                 "type":"",
                 "visible":true,
                 "width":222,
                 "x":65,
                 "y":86
                }, 
                {
                 "height":15,
                 "id":22,
                 "name":"",
                 "rotation":0,
                 "type":"",
                 "visible":true,
                 "width":157,
                 "x":97,
                 "y":108
                }, 
                {
                 "height":18,
                 "id":23,
                 "name":"",
                 "rotation":0,
                 "type":"",
                 "visible":true,
                 "width":174,
                 "x":65,
                 "y":142
                }],
         "opacity":1,
         "type":"objectgroup",
         "visible":true,
         "x":0,
         "y":0
        }, 
        {
         "draworder":"topdown",
         "id":6,
         "name":"SpawnPoints",
         "objects":[
                {
                 "height":0,
                 "id":3,
                 "name":"player",
                 "point":true,
                 "rotation":0,
                 "type":"",
                 "visible":true,
                 "width":0,
                 "x":132,
                 "y":406
                }, 
                {
                 "height":0,
                 "id":1,
                 "name":"antiqueDoor",
                 "point":true,
                 "rotation":0,
                 "type":"",
                 "visible":true,
                 "width":0,
                 "x":272,
                 "y":240
                }, 
                {
                 "height":0,
                 "id":20,
                 "name":"sword",
                 "point":true,
                 "rotation":0,
                 "type":"",
                 "visible":true,
                 "width":0,
                 "x":192,
                 "y":150
                }, 
                {
                 "height":0,
                 "id":2,
                 "name":"hana",
                 "point":true,
                 "rotation":0,
                 "type":"",
                 "visible":true,
                 "width":0,
                 "x":129,
                 "y":98
                }, 
                {
                 "height":0,
                 "id":28,
                 "name":"oriyoki",
                 "point":true,
                 "rotation":0,
                 "type":"",
                 "visible":true,
                 "width":0,
                 "x":96,
                 "y":352
                }],
         "opacity":1,
         "type":"objectgroup",
         "visible":true,
         "x":0,
         "y":0
        }, 
        {
         "data":[0, 0, 0, 0, 0, 0, 0, 0, 0, 0, 0, 0, 0, 0, 0, 0, 0, 0, 0, 0, 0,
            0, 0, 0, 0, 0, 0, 0, 0, 0, 0, 0, 0, 0, 0, 0, 0, 0, 0, 0, 0, 0,
            0, 0, 0, 0, 0, 0, 0, 0, 0, 0, 0, 0, 0, 0, 0, 0, 0, 0, 0, 0, 0,
            0, 0, 0, 0, 0, 0, 0, 0, 0, 0, 0, 0, 0, 0, 0, 0, 0, 0, 0, 0, 0,
            0, 0, 0, 0, 93, 93, 37, 75, 93, 93, 93, 93, 37, 35, 93, 93, 77, 233, 0, 0, 0,
            0, 0, 0, 0, 0, 0, 0, 0, 0, 0, 0, 0, 0, 0, 0, 0, 0, 0, 0, 0, 0,
            0, 0, 0, 0, 0, 0, 35, 36, 75, 38, 35, 347, 233, 37, 77, 36, 0, 0, 0, 0, 0,
            0, 0, 0, 0, 0, 0, 0, 0, 0, 0, 0, 0, 0, 0, 0, 0, 0, 0, 0, 0, 0,
            0, 0, 0, 0, 77, 37, 0, 37, 233, 78, 36, 35, 0, 35, 0, 0, 0, 0, 0, 0, 0,
            0, 0, 0, 0, 0, 0, 0, 0, 0, 0, 0, 0, 0, 0, 0, 0, 0, 0, 0, 0, 0,
            0, 0, 0, 0, 0, 0, 0, 0, 0, 0, 0, 0, 0, 0, 0, 0, 0, 0, 0, 0, 0,
            0, 0, 0, 0, 0, 0, 0, 0, 0, 0, 0, 0, 0, 0, 0, 0, 0, 0, 0, 0, 0,
            0, 0, 0, 0, 0, 0, 0, 0, 0, 0, 0, 0, 0, 0, 0, 0, 0, 0, 0, 0, 0,
            0, 0, 0, 0, 0, 0, 0, 0, 0, 0, 0, 0, 0, 0, 0, 0, 0, 0, 0, 0, 0,
            0, 0, 0, 0, 93, 93, 38, 75, 37, 0, 150, 37, 0, 233, 38, 75, 93, 0, 0, 0, 0,
            0, 0, 0, 0, 0, 0, 0, 0, 0, 0, 0, 0, 0, 0, 0, 0, 0, 0, 0, 0, 0,
            0, 0, 0, 0, 0, 0, 33, 34, 93, 93, 93, 152, 233, 38, 36, 78, 38, 77, 0, 0, 0,
            0, 0, 0, 0, 0, 0, 0, 0, 0, 0, 0, 0, 0, 0, 0, 0, 0, 0, 0, 0, 0,
            0, 0, 0, 0, 0, 0, 38, 347, 151, 75, 347, 36, 0, 38, 75, 36, 93, 93, 0, 0, 0,
            0, 0, 0, 0, 0, 0, 0, 0, 0, 0, 0, 0, 0, 0, 0, 0, 0, 0, 0, 0, 0,
            0, 0, 0, 0, 0, 0, 0, 36, 233, 38, 93, 93, 37, 35, 150, 38, 150, 93, 0, 0, 0,
            0, 0, 0, 0, 0, 0, 0, 0, 0, 0, 0, 0, 0, 0, 0, 0, 0, 0, 0, 0, 0,
            0, 0, 0, 0, 0, 0, 0, 229, 77, 151, 75, 37, 152, 0, 93, 93, 35, 75, 0, 0, 0,
            0, 0, 0, 0, 0, 0, 0, 0, 0, 0, 0, 0, 0, 0, 0, 0, 0, 0, 0, 0, 0,
            0, 0, 0, 0, 0, 0, 0, 0, 0, 0, 0, 0, 0, 0, 0, 0, 0, 0, 0, 0, 0,
            0, 0, 0, 0, 0, 0, 0, 0, 0, 0, 0, 0, 0, 0, 0, 0, 0, 0, 0, 0, 0,
            0, 0, 0, 0, 0, 0, 0, 0, 0, 0, 0, 0, 0, 0, 0, 0, 0, 0, 0, 0, 0],
         "height":27,
         "id":4,
         "name":"Upmost",
         "opacity":1,
         "type":"tilelayer",
         "visible":true,
         "width":21,
         "x":0,
         "y":0
        }],
 "nextlayerid":7,
 "nextobjectid":29,
 "orientation":"orthogonal",
 "renderorder":"right-down",
 "tiledversion":"1.11.2",
 "tileheight":16,
 "tilesets":[
        {
         "firstgid":1,
         "source":"topdownasset.json"
        }],
 "tilewidth":16,
 "type":"map",
 "version":"1.10",
 "width":21
}