{ "compressionlevel":-1,
 "height":20,
 "infinite":false,
 "layers":[
        {
         "data":[0, 0, 0, 0, 0, 0, 0, 0, 0, 0, 0, 0, 0, 0, 0, 0, 0, 0, 0, 0,
            0, 0, 0, 0, 0, 0, 0, 0, 0, 0, 0, 0, 0, 0, 0, 0, 0, 0, 0, 0,
            0, 0, 0, 30, 31, 31, 31, 31, 31, 31, 31, 31, 31, 31, 31, 31, 32, 0, 0, 0,
            0, 0, 0, 69, 70, 70, 70, 70, 70, 70, 70, 70, 70, 70, 70, 70, 71, 0, 0, 0,
            0, 0, 0, 171, 172, 173, 174, 175, 172, 173, 174, 175, 172, 173, 174, 175, 176, 0, 0, 0,
            0, 0, 0, 210, 211, 212, 213, 214, 211, 212, 213, 214, 211, 212, 213, 214, 215, 0, 0, 0,
            0, 0, 0, 249, 250, 251, 252, 253, 250, 251, 252, 1136, 250, 251, 252, 253, 254, 0, 0, 0,
            0, 0, 0, 288, 289, 290, 291, 292, 289, 1136, 1136, 292, 289, 290, 291, 292, 293, 0, 0, 0,
            0, 0, 0, 327, 328, 329, 330, 1136, 1136, 329, 330, 331, 328, 329, 330, 331, 332, 0, 0, 0,
            0, 0, 0, 210, 211, 212, 213, 214, 211, 212, 213, 214, 211, 212, 213, 214, 215, 0, 0, 0,
            0, 0, 0, 249, 250, 251, 252, 253, 250, 251, 252, 253, 250, 251, 252, 253, 254, 0, 0, 0,
            0, 0, 0, 288, 289, 290, 291, 292, 289, 290, 291, 292, 289, 290, 291, 292, 293, 0, 0, 0,
            0, 0, 0, 295, 296, 329, 330, 291, 291, 329, 330, 331, 328, 329, 330, 331, 332, 0, 0, 0,
            0, 0, 0, 366, 367, 368, 369, 370, 367, 368, 369, 370, 367, 368, 212, 213, 371, 0, 0, 0,
            0, 0, 0, 0, 0, 0, 0, 0, 0, 0, 0, 0, 0, 0, 212, 213, 0, 0, 0, 0,
            0, 0, 0, 0, 0, 0, 0, 0, 0, 0, 0, 0, 0, 0, 0, 0, 0, 0, 0, 0,
            0, 0, 0, 0, 0, 0, 0, 0, 0, 0, 0, 0, 0, 0, 0, 0, 0, 0, 0, 0,
            0, 0, 0, 0, 0, 0, 0, 0, 0, 0, 0, 0, 0, 0, 0, 0, 0, 0, 0, 0,
            0, 0, 0, 0, 0, 0, 0, 0, 0, 0, 0, 0, 0, 0, 0, 0, 0, 0, 0, 0,
            0, 0, 0, 0, 0, 0, 0, 0, 0, 0, 0, 0, 0, 0, 0, 0, 0, 0, 0, 0],
         "height":20,
         "id":1,
         "name":"Ground",
         "opacity":1,
         "type":"tilelayer",
         "visible":true,
         "width":20,
         "x":0,
         "y":0
        }, 
        {
         "data":[0, 0, 0, 0, 0, 0, 0, 0, 0, 0, 0, 0, 0, 0, 0, 0, 0, 0, 0, 0,
            0, 0, 0, 0, 0, 0, 0, 0, 0, 0, 0, 0, 0, 0, 0, 0, 0, 0, 0, 0,
            0, 0, 0, 0, 0, 0, 0, 0, 0, 0, 0, 0, 0, 0, 0, 0, 0, 0, 0, 0,
            0, 0, 0, 0, 0, 0, 0, 0, 0, 0, 0, 0, 225, 21, 22, 0, 0, 0, 0, 0,
            0, 0, 0, 477, 478, 296, 0, 0, 483, 484, 348, 349, 0, 643, 644, 0, 0, 0, 0, 0,
            0, 0, 0, 516, 517, 518, 0, 519, 522, 523, 0, 0, 0, 607, 608, 0, 0, 0, 0, 0,
            0, 0, 0, 477, 478, 479, 0, 480, 483, 484, 0, 250, 0, 0, 0, 0, 0, 0, 0, 0,
            0, 0, 0, 516, 517, 518, 0, 519, 522, 523, 250, 0, 0, 0, 0, 0, 0, 0, 0, 0,
            0, 0, 0, 477, 478, 479, 0, 480, 483, 484, 0, 0, 0, 0, 0, 0, 0, 0, 0, 0,
            0, 0, 0, 516, 517, 518, 0, 519, 522, 523, 0, 0, 0, 602, 603, 0, 0, 0, 0, 0,
            0, 0, 0, 477, 478, 479, 0, 480, 483, 484, 0, 0, 0, 641, 642, 125, 0, 0, 0, 0,
            0, 0, 0, 516, 517, 518, 0, 519, 522, 523, 0, 0, 0, 0, 0, 0, 0, 0, 0, 0,
            0, 0, 0, 477, 478, 479, 0, 291, 291, 291, 0, 0, 0, 0, 0, 0, 0, 0, 0, 0,
            0, 0, 0, 0, 0, 0, 0, 0, 522, 521, 0, 0, 0, 0, 0, 0, 0, 0, 0, 0,
            0, 0, 0, 0, 0, 0, 0, 0, 0, 0, 0, 0, 0, 0, 0, 0, 0, 0, 0, 0,
            0, 0, 0, 0, 0, 0, 0, 0, 0, 0, 0, 0, 0, 0, 0, 0, 0, 0, 0, 0,
            0, 0, 0, 0, 0, 0, 0, 0, 0, 0, 0, 0, 0, 0, 0, 0, 0, 0, 0, 0,
            0, 0, 0, 0, 0, 0, 0, 0, 0, 0, 0, 0, 0, 0, 0, 0, 0, 0, 0, 0,
            0, 0, 0, 0, 0, 0, 0, 0, 0, 0, 0, 0, 0, 0, 0, 0, 0, 0, 0, 0,
            0, 0, 0, 0, 0, 0, 0, 0, 0, 0, 0, 0, 0, 0, 0, 0, 0, 0, 0, 0],
         "height":20,
         "id":2,
         "name":"Ground2",
         "opacity":1,
         "type":"tilelayer",
         "visible":true,
         "width":20,
         "x":0,
         "y":0
        }, 
        {
         "draworder":"topdown",
         "id":4,
         "name":"Boundaries",
         "objects":[
                {
                 "height":135.333333333334,
                 "id":1,
                 "name":"",
                 "rotation":0,
                 "type":"",
                 "visible":true,
                 "width":5.66666666666667,
                 "x":88,
                 "y":87.3333333333333
                }, 
                {
                 "height":127,
                 "id":2,
                 "name":"",
                 "rotation":0,
                 "type":"",
                 "visible":true,
                 "width":8,
                 "x":112.666666666667,
                 "y":64
                }, 
                {
                 "height":6.66666666666666,
                 "id":3,
                 "name":"",
                 "rotation":0,
                 "type":"",
                 "visible":true,
                 "width":40,
                 "x":120,
                 "y":183.333333333333
                }, 
                {
                 "height":104.333333333333,
                 "id":4,
                 "name":"",
                 "rotation":0,
                 "type":"",
                 "visible":true,
                 "width":7.33333333333331,
                 "x":152.666666666667,
                 "y":71.6666666666667
                }, 
                {
                 "height":7,
                 "id":6,
                 "name":"",
                 "rotation":0,
                 "type":"",
                 "visible":true,
                 "width":64,
                 "x":48,
                 "y":57
                }, 
                {
                 "height":144.666666666667,
                 "id":8,
                 "name":"",
                 "rotation":0,
                 "type":"",
                 "visible":true,
                 "width":8.66666666666663,
                 "x":264,
                 "y":71
                }, 
                {
                 "height":7.66666666666666,
                 "id":9,
                 "name":"",
                 "rotation":0,
                 "type":"",
                 "visible":true,
                 "width":104.666666666667,
                 "x":159.333333333333,
                 "y":63.6666666666667
                }, 
                {
                 "height":24.3333333333333,
                 "id":10,
                 "name":"",
                 "rotation":0,
                 "type":"",
                 "visible":true,
                 "width":7,
                 "x":256,
                 "y":215.333333333333
                }, 
                {
                 "height":24,
                 "id":11,
                 "name":"",
                 "rotation":0,
                 "type":"",
                 "visible":true,
                 "width":7.66666666666666,
                 "x":215.666666666667,
                 "y":215.666666666667
                }, 
                {
                 "height":7.66666666666666,
                 "id":12,
                 "name":"",
                 "rotation":0,
                 "type":"",
                 "visible":true,
                 "width":119,
                 "x":96.6666666666667,
                 "y":215.666666666666
                }, 
                {
                 "height":24,
                 "id":13,
                 "name":"",
                 "rotation":0,
                 "type":"",
                 "visible":true,
                 "width":30,
                 "x":211,
                 "y":153
                }, 
                {
                 "height":12.3333333333333,
                 "id":14,
                 "name":"",
                 "rotation":0,
                 "type":"",
                 "visible":true,
                 "width":29,
                 "x":209.666666666666,
                 "y":83.6666666666666
                }, 
                {
                 "height":13.6666666666667,
                 "id":15,
                 "name":"",
                 "rotation":0,
                 "type":"",
                 "visible":true,
                 "width":31,
                 "x":208.333333333333,
                 "y":66
                }, 
                {
                 "height":9.66666666666667,
                 "id":16,
                 "name":"",
                 "rotation":0,
                 "type":"",
                 "visible":true,
                 "width":18.6666666666667,
                 "x":167.333333333333,
                 "y":70.3333333333333
                }, 
                {
                 "height":8.33333333333334,
                 "id":17,
                 "name":"door-exit",
                 "rotation":0,
                 "type":"",
                 "visible":true,
                 "width":33.3333333333333,
                 "x":223,
                 "y":240.333333333333
                }, 
                {
                 "height":30,
                 "id":24,
                 "name":"",
                 "rotation":0,
                 "type":"",
                 "visible":true,
                 "width":6,
                 "x":48.3333333333333,
                 "y":64.3333333333333
                }, 
                {
                 "height":7.33333333333334,
                 "id":25,
                 "name":"",
                 "rotation":0,
                 "type":"",
                 "visible":true,
                 "width":32.3333333333333,
                 "x":54.6666666666667,
                 "y":87.6666666666667
                }, 
                {
                 "height":7.00956937799,
                 "id":31,
                 "name":"",
                 "rotation":0,
                 "type":"",
                 "visible":true,
                 "width":30.622009569378,
                 "x":145.933014354067,
                 "y":177.99043062201
                }, 
                {
                 "height":6.66666666666667,
                 "id":33,
                 "name":"",
                 "rotation":0,
                 "type":"",
                 "visible":true,
                 "width":13.6666666666667,
                 "x":64,
                 "y":66.3333333333333
                }, 
                {
                 "height":5,
                 "id":35,
                 "name":"",
                 "rotation":0,
                 "type":"",
                 "visible":true,
                 "width":8,
                 "x":243,
                 "y":165
                }],
         "opacity":1,
         "type":"objectgroup",
         "visible":true,
         "x":0,
         "y":0
        }, 
        {
         "draworder":"topdown",
         "id":5,
         "name":"SpawnPoints",
         "objects":[
                {
                 "height":0,
                 "id":20,
                 "name":"satoshi",
                 "point":true,
                 "rotation":0,
                 "type":"",
                 "visible":true,
                 "width":0,
                 "x":184,
                 "y":121
                }, 
                {
                 "height":0,
                 "id":32,
                 "name":"signhotel",
                 "point":true,
                 "rotation":0,
                 "type":"",
                 "visible":true,
                 "width":0,
                 "x":160,
                 "y":186
                }, 
                {
                 "height":0,
                 "id":34,
                 "name":"bedrandy",
                 "point":true,
                 "rotation":0,
                 "type":"",
                 "visible":true,
                 "width":0,
                 "x":64,
                 "y":80
                }, 
                {
                 "height":0,
                 "id":19,
                 "name":"player",
                 "point":true,
                 "rotation":0,
                 "type":"",
                 "visible":true,
                 "width":0,
                 "x":224,
                 "y":224
                }],
         "opacity":1,
         "type":"objectgroup",
         "visible":true,
         "x":0,
         "y":0
        }, 
        {
         "data":[0, 0, 0, 0, 0, 0, 0, 0, 0, 0, 0, 0, 0, 0, 0, 0, 0, 0, 0, 0,
            0, 0, 0, 0, 0, 0, 0, 0, 0, 0, 0, 0, 0, 0, 0, 0, 0, 0, 0, 0,
            0, 0, 0, 0, 0, 0, 0, 0, 0, 0, 0, 0, 0, 0, 0, 0, 0, 0, 0, 0,
            0, 0, 0, 0, 0, 0, 29, 0, 0, 0, 0, 0, 0, 0, 0, 0, 0, 0, 0, 0,
            0, 0, 0, 0, 0, 294, 252, 407, 273, 0, 0, 0, 0, 0, 0, 0, 0, 0, 0, 0,
            0, 0, 0, 0, 0, 294, 0, 407, 0, 0, 0, 0, 0, 0, 0, 0, 0, 0, 0, 0,
            0, 0, 0, 0, 189, 294, 0, 407, 273, 0, 0, 0, 0, 0, 0, 0, 0, 0, 0, 0,
            0, 0, 0, 0, 0, 294, 0, 407, 0, 0, 0, 0, 0, 0, 0, 0, 0, 0, 0, 0,
            0, 0, 0, 0, 189, 294, 0, 407, 273, 0, 0, 0, 0, 0, 0, 0, 0, 0, 0, 0,
            0, 0, 0, 0, 0, 294, 0, 407, 0, 0, 0, 0, 0, 0, 0, 0, 0, 0, 0, 0,
            0, 0, 0, 0, 189, 294, 0, 407, 273, 800, 801, 0, 0, 0, 0, 0, 0, 0, 0, 0,
            0, 0, 0, 0, 0, 294, 0, 407, 0, 839, 0, 0, 0, 0, 0, 0, 0, 0, 0, 0,
            0, 0, 0, 0, 189, 294, 0, 0, 0, 0, 0, 0, 0, 0, 0, 0, 0, 0, 0, 0,
            0, 0, 0, 0, 0, 294, 0, 0, 0, 0, 0, 0, 0, 0, 0, 0, 0, 0, 0, 0,
            0, 0, 0, 0, 0, 0, 0, 0, 0, 0, 0, 0, 0, 0, 0, 0, 0, 0, 0, 0,
            0, 0, 0, 0, 0, 0, 0, 0, 0, 0, 0, 0, 0, 0, 0, 0, 0, 0, 0, 0,
            0, 0, 0, 0, 0, 0, 0, 0, 0, 0, 0, 0, 0, 0, 0, 0, 0, 0, 0, 0,
            0, 0, 0, 0, 0, 0, 0, 0, 0, 0, 0, 0, 0, 0, 0, 0, 0, 0, 0, 0,
            0, 0, 0, 0, 0, 0, 0, 0, 0, 0, 0, 0, 0, 0, 0, 0, 0, 0, 0, 0,
            0, 0, 0, 0, 0, 0, 0, 0, 0, 0, 0, 0, 0, 0, 0, 0, 0, 0, 0, 0],
         "height":20,
         "id":3,
         "name":"Upmost",
         "opacity":1,
         "type":"tilelayer",
         "visible":true,
         "width":20,
         "x":0,
         "y":0
        }],
 "nextlayerid":7,
 "nextobjectid":36,
 "orientation":"orthogonal",
 "renderorder":"right-down",
 "tiledversion":"1.11.2",
 "tileheight":16,
 "tilesets":[
        {
         "firstgid":1,
         "source":"topdownasset.json"
        }],
 "tilewidth":16,
 "type":"map",
 "version":"1.10",
 "width":20
}