{ "compressionlevel":-1,
 "editorsettings":
    {
     "export":
        {
         "format":"json"
        }
    },
 "height":32,
 "infinite":false,
 "layers":[
        {
         "data":[937, 938, 939, 940, 941, 942, 943, 944, 945, 946, 947, 948, 949, 950, 951, 952,
            976, 977, 978, 979, 980, 981, 982, 983, 984, 985, 986, 987, 988, 989, 990, 991,
            211, 212, 397, 214, 392, 392, 213, 214, 211, 212, 213, 392, 392, 212, 397, 214,
            250, 251, 436, 253, 431, 431, 252, 253, 250, 251, 252, 431, 431, 251, 436, 253,
            289, 290, 397, 292, 470, 470, 291, 292, 289, 290, 291, 470, 470, 290, 397, 292,
            328, 329, 436, 331, 509, 509, 330, 331, 328, 329, 330, 509, 509, 329, 436, 331,
            211, 212, 397, 214, 548, 548, 213, 214, 211, 212, 213, 548, 548, 212, 397, 214,
            431, 432, 436, 434, 250, 251, 431, 432, 433, 434, 434, 253, 250, 431, 436, 433,
            431, 432, 397, 434, 289, 290, 431, 431, 432, 433, 434, 292, 289, 431, 397, 433,
            328, 329, 436, 331, 392, 392, 330, 331, 328, 329, 330, 392, 392, 329, 436, 331,
            211, 212, 397, 214, 431, 431, 213, 214, 211, 212, 213, 431, 431, 212, 397, 214,
            250, 251, 436, 253, 470, 470, 252, 253, 250, 251, 252, 470, 470, 251, 436, 253,
            289, 290, 397, 292, 509, 509, 291, 292, 289, 290, 291, 509, 509, 290, 397, 292,
            328, 329, 436, 331, 548, 548, 330, 331, 328, 329, 330, 548, 548, 329, 436, 331,
            211, 212, 397, 214, 392, 392, 213, 214, 211, 212, 213, 392, 392, 212, 397, 214,
            250, 251, 436, 253, 431, 431, 252, 253, 250, 251, 252, 431, 431, 251, 436, 253,
            289, 290, 397, 292, 470, 470, 291, 292, 289, 290, 291, 470, 470, 290, 397, 292,
            431, 432, 436, 434, 509, 509, 431, 431, 432, 433, 434, 509, 509, 431, 436, 433,
            431, 432, 397, 434, 548, 548, 431, 431, 432, 433, 434, 548, 548, 431, 397, 433,
            250, 251, 436, 253, 392, 392, 252, 253, 250, 251, 252, 392, 392, 251, 436, 253,
            289, 290, 397, 292, 431, 431, 291, 292, 289, 290, 291, 431, 431, 290, 397, 292,
            328, 329, 436, 331, 470, 470, 330, 331, 328, 329, 330, 470, 470, 329, 436, 331,
            211, 212, 397, 214, 509, 509, 213, 214, 211, 212, 213, 509, 509, 212, 397, 214,
            250, 251, 436, 253, 548, 548, 252, 253, 250, 251, 252, 548, 548, 251, 436, 253,
            289, 290, 397, 292, 392, 392, 291, 292, 289, 290, 291, 392, 392, 290, 397, 292,
            328, 329, 436, 331, 431, 431, 330, 331, 328, 329, 330, 431, 431, 329, 436, 331,
            211, 212, 397, 214, 470, 470, 213, 214, 211, 212, 213, 470, 470, 212, 397, 214,
            431, 432, 436, 434, 392, 392, 431, 431, 432, 433, 434, 392, 392, 431, 436, 433,
            431, 432, 397, 434, 431, 431, 431, 431, 432, 433, 434, 431, 431, 431, 397, 433,
            0, 0, 0, 0, 470, 470, 330, 331, 328, 329, 330, 470, 470, 0, 0, 0,
            0, 0, 0, 0, 509, 509, 213, 214, 211, 212, 213, 509, 509, 0, 0, 0,
            0, 0, 0, 0, 548, 548, 252, 253, 250, 251, 252, 548, 548, 0, 0, 0],
         "height":32,
         "id":1,
         "name":"Ground",
         "opacity":1,
         "type":"tilelayer",
         "visible":true,
         "width":16,
         "x":0,
         "y":0
        }, 
        {
         "data":[0, 0, 943, 944, 0, 0, 0, 0, 0, 0, 0, 0, 652, 653, 654, 655,
            0, 0, 982, 983, 0, 0, 0, 0, 0, 0, 0, 0, 691, 692, 693, 694,
            0, 643, 644, 0, 0, 0, 0, 798, 799, 0, 0, 0, 0, 643, 644, 0,
            0, 0, 0, 0, 0, 0, 0, 837, 0, 0, 0, 0, 0, 0, 0, 0,
            0, 0, 0, 0, 0, 0, 0, 0, 0, 0, 0, 0, 0, 0, 0, 0,
            0, 0, 0, 0, 0, 0, 0, 0, 0, 0, 0, 0, 0, 0, 0, 0,
            0, 0, 0, 0, 0, 0, 0, 0, 0, 0, 0, 0, 0, 0, 0, 0,
            0, 0, 0, 0, 0, 0, 0, 0, 0, 0, 0, 0, 0, 0, 0, 0,
            0, 0, 0, 0, 0, 0, 0, 0, 0, 0, 0, 0, 0, 0, 0, 0,
            0, 0, 0, 0, 0, 0, 0, 0, 0, 0, 0, 0, 0, 0, 0, 0,
            0, 0, 0, 0, 0, 0, 0, 0, 0, 0, 0, 0, 0, 0, 0, 0,
            0, 0, 0, 0, 0, 0, 0, 0, 0, 0, 0, 0, 0, 0, 0, 0,
            0, 0, 0, 0, 0, 0, 0, 0, 0, 0, 0, 0, 0, 0, 0, 0,
            0, 0, 0, 0, 0, 0, 0, 0, 0, 0, 0, 0, 0, 0, 0, 0,
            0, 0, 0, 0, 0, 0, 0, 0, 0, 0, 0, 0, 0, 0, 0, 0,
            0, 0, 0, 0, 0, 0, 0, 0, 0, 0, 0, 0, 0, 0, 0, 0,
            0, 0, 0, 0, 0, 0, 0, 0, 0, 0, 0, 0, 0, 0, 0, 0,
            0, 0, 0, 0, 0, 0, 0, 0, 0, 0, 0, 0, 0, 0, 0, 0,
            0, 0, 0, 0, 0, 0, 0, 0, 0, 0, 0, 0, 0, 0, 0, 0,
            0, 0, 0, 0, 0, 0, 0, 0, 0, 0, 0, 0, 0, 0, 0, 0,
            0, 0, 0, 0, 0, 0, 0, 0, 0, 0, 0, 0, 0, 0, 0, 0,
            0, 0, 0, 0, 0, 0, 0, 0, 0, 0, 0, 0, 0, 0, 0, 0,
            0, 0, 0, 0, 0, 0, 0, 0, 0, 0, 0, 0, 0, 0, 0, 0,
            0, 0, 0, 0, 0, 0, 0, 0, 0, 0, 0, 0, 0, 0, 0, 0,
            0, 0, 0, 0, 0, 0, 0, 0, 0, 0, 0, 0, 0, 0, 0, 0,
            0, 0, 0, 0, 0, 0, 0, 0, 0, 0, 0, 0, 0, 0, 0, 0,
            0, 0, 0, 0, 0, 0, 0, 0, 0, 0, 0, 0, 0, 0, 0, 0,
            0, 0, 0, 0, 0, 0, 0, 0, 0, 0, 0, 0, 0, 0, 0, 0,
            0, 0, 0, 0, 0, 0, 0, 0, 0, 0, 0, 0, 0, 0, 0, 0,
            0, 0, 0, 0, 0, 0, 0, 0, 0, 0, 0, 0, 0, 0, 0, 0,
            0, 0, 0, 0, 0, 0, 0, 0, 0, 0, 0, 0, 0, 0, 0, 0,
            0, 0, 0, 0, 0, 0, 0, 0, 0, 0, 0, 0, 0, 0, 0, 0],
         "height":32,
         "id":2,
         "name":"Ground2",
         "opacity":1,
         "type":"tilelayer",
         "visible":true,
         "width":16,
         "x":0,
         "y":0
        }, 
        {
         "draworder":"topdown",
         "id":6,
         "name":"Boundaries",
         "objects":[
                {
                 "height":10,
                 "id":4,
                 "name":"door-exit",
                 "rotation":0,
                 "type":"",
                 "visible":true,
                 "width":143,
                 "x":64.5,
                 "y":512.5
                }, 
                {
                 "height":48,
                 "id":7,
                 "name":"",
                 "rotation":0,
                 "type":"",
                 "visible":true,
                 "width":64,
                 "x":0,
                 "y":464
                }, 
                {
                 "height":48,
                 "id":8,
                 "name":"",
                 "rotation":0,
                 "type":"",
                 "visible":true,
                 "width":48,
                 "x":208,
                 "y":464
                }, 
                {
                 "height":37,
                 "id":9,
                 "name":"",
                 "rotation":0,
                 "type":"",
                 "visible":true,
                 "width":36,
                 "x":174,
                 "y":430
                }, 
                {
                 "height":36,
                 "id":10,
                 "name":"",
                 "rotation":0,
                 "type":"",
                 "visible":true,
                 "width":36,
                 "x":62,
                 "y":430
                }, 
                {
                 "height":432,
                 "id":11,
                 "name":"",
                 "rotation":0,
                 "type":"",
                 "visible":true,
                 "width":16,
                 "x":256,
                 "y":32
                }, 
                {
                 "height":16,
                 "id":12,
                 "name":"",
                 "rotation":0,
                 "type":"",
                 "visible":true,
                 "width":164.5,
                 "x":91.5,
                 "y":16
                }, 
                {
                 "height":16,
                 "id":13,
                 "name":"",
                 "rotation":0,
                 "type":"",
                 "visible":true,
                 "width":64,
                 "x":0,
                 "y":16
                }, 
                {
                 "height":16,
                 "id":14,
                 "name":"",
                 "rotation":0,
                 "type":"",
                 "visible":true,
                 "width":20,
                 "x":220,
                 "y":32
                }, 
                {
                 "height":16,
                 "id":15,
                 "name":"",
                 "rotation":0,
                 "type":"",
                 "visible":true,
                 "width":32,
                 "x":16,
                 "y":32
                }, 
                {
                 "height":432,
                 "id":16,
                 "name":"",
                 "rotation":0,
                 "type":"",
                 "visible":true,
                 "width":16,
                 "x":-16,
                 "y":32
                }, 
                {
                 "height":36,
                 "id":19,
                 "name":"",
                 "rotation":0,
                 "type":"",
                 "visible":true,
                 "width":36,
                 "x":174,
                 "y":270
                }, 
                {
                 "height":36,
                 "id":20,
                 "name":"",
                 "rotation":0,
                 "type":"",
                 "visible":true,
                 "width":36,
                 "x":62,
                 "y":270
                }, 
                {
                 "height":35,
                 "id":21,
                 "name":"",
                 "rotation":0,
                 "type":"",
                 "visible":true,
                 "width":36,
                 "x":174,
                 "y":110
                }, 
                {
                 "height":36,
                 "id":22,
                 "name":"",
                 "rotation":0,
                 "type":"",
                 "visible":true,
                 "width":36,
                 "x":62,
                 "y":110
                }, 
                {
                 "height":7.33333333333334,
                 "id":23,
                 "name":"end",
                 "rotation":0,
                 "type":"",
                 "visible":true,
                 "width":37,
                 "x":59,
                 "y":32
                },
            
                {
                 "height":16,
                 "id":24,
                 "name":"",
                 "rotation":0,
                 "type":"",
                 "visible":true,
                 "width":18,
                 "x":71,
                 "y":172
                }, 
                {
                 "height":18.0434343434343,
                 "id":25,
                 "name":"",
                 "rotation":0,
                 "type":"",
                 "visible":true,
                 "width":17,
                 "x":184,
                 "y":170
                }, 
                {
                 "height":17,
                 "id":26,
                 "name":"",
                 "rotation":0,
                 "type":"",
                 "visible":true,
                 "width":18,
                 "x":71,
                 "y":331
                }, 
                {
                 "height":18,
                 "id":27,
                 "name":"",
                 "rotation":0,
                 "type":"",
                 "visible":true,
                 "width":18,
                 "x":183,
                 "y":330
                }, 
                {
                 "height":8,
                 "id":28,
                 "name":"",
                 "rotation":0,
                 "type":"",
                 "visible":true,
                 "width":28,
                 "x":112.5,
                 "y":43.5
                }],
         "opacity":1,
         "type":"objectgroup",
         "visible":true,
         "x":0,
         "y":0
        }, 
        {
         "draworder":"topdown",
         "id":3,
         "name":"SpawnPoints",
         "objects":[
                {
                 "height":0,
                 "id":33,
                 "name":"player",
                 "point":true,
                 "rotation":0,
                 "type":"",
                 "visible":true,
                 "width":0,
                 "x":112.333333333333,
                 "y":479.666666666667
                }, 
                {
                 "height":0,
                 "id":2,
                 "name":"signtrain",
                 "point":true,
                 "rotation":0,
                 "type":"",
                 "visible":true,
                 "width":0,
                 "x":128,
                 "y":57.9090909090909
                }, 
                {
                 "height":0,
                 "id":29,
                 "name":"orange-vending",
                 "point":true,
                 "rotation":0,
                 "type":"",
                 "visible":true,
                 "width":0,
                 "x":80,
                 "y":346
                }, 
                {
                 "height":0,
                 "id":30,
                 "name":"white-vending",
                 "point":true,
                 "rotation":0,
                 "type":"",
                 "visible":true,
                 "width":0,
                 "x":192,
                 "y":346
                }, 
                {
                 "height":0,
                 "id":31,
                 "name":"white-vending",
                 "point":true,
                 "rotation":0,
                 "type":"",
                 "visible":true,
                 "width":0,
                 "x":192,
                 "y":186
                }, 
                {
                 "height":0,
                 "id":32,
                 "name":"orange-vending",
                 "point":true,
                 "rotation":0,
                 "type":"",
                 "visible":true,
                 "width":0,
                 "x":80,
                 "y":186
                }, 
                {
                 "height":0,
                 "id":3,
                 "name":"koji",
                 "point":true,
                 "rotation":0,
                 "type":"",
                 "visible":true,
                 "width":0,
                 "x":16.5,
                 "y":174
                }, 
                {
                 "height":0,
                 "id":40,
                 "name":"antiqueKey",
                 "point":true,
                 "rotation":0,
                 "type":"",
                 "visible":true,
                 "width":0,
                 "x":209,
                 "y":43
                }],
         "opacity":1,
         "type":"objectgroup",
         "visible":true,
         "x":0,
         "y":0
        }, 
        {
         "data":[0, 0, 0, 0, 0, 0, 0, 0, 0, 0, 0, 0, 0, 0, 0, 0,
            0, 0, 0, 0, 0, 0, 0, 0, 0, 0, 0, 0, 0, 0, 0, 0,
            0, 0, 0, 0, 0, 0, 0, 0, 0, 0, 0, 0, 0, 0, 0, 0,
            0, 0, 0, 0, 0, 0, 0, 0, 0, 0, 0, 0, 0, 0, 0, 0,
            0, 0, 0, 0, 0, 0, 0, 0, 0, 0, 0, 0, 0, 0, 0, 0,
            0, 0, 0, 0, 0, 0, 0, 0, 0, 0, 0, 0, 0, 0, 0, 0,
            0, 0, 0, 0, 0, 0, 0, 0, 0, 0, 0, 0, 0, 0, 0, 0,
            0, 0, 0, 0, 728, 735, 0, 0, 0, 0, 0, 728, 735, 0, 0, 0,
            0, 0, 0, 0, 845, 852, 0, 0, 0, 0, 0, 845, 852, 0, 0, 0,
            0, 0, 0, 0, 0, 0, 0, 0, 0, 0, 0, 0, 0, 0, 0, 0,
            0, 0, 0, 0, 15, 16, 0, 0, 0, 0, 0, 17, 18, 0, 0, 0,
            0, 0, 0, 0, 54, 0, 0, 0, 0, 0, 0, 56, 0, 0, 0, 0,
            0, 0, 0, 0, 0, 0, 0, 0, 0, 0, 0, 0, 0, 0, 0, 0,
            0, 0, 0, 0, 0, 0, 0, 0, 0, 0, 0, 0, 0, 0, 0, 0,
            0, 0, 0, 0, 0, 0, 0, 0, 0, 0, 0, 0, 0, 0, 0, 0,
            0, 0, 0, 0, 0, 0, 0, 0, 0, 0, 0, 0, 0, 0, 0, 0,
            0, 0, 0, 0, 0, 0, 0, 0, 0, 0, 0, 0, 0, 0, 0, 0,
            0, 0, 0, 0, 728, 735, 0, 0, 0, 0, 0, 728, 735, 0, 0, 0,
            0, 0, 0, 0, 845, 852, 0, 0, 0, 0, 0, 845, 852, 0, 0, 0,
            0, 0, 0, 0, 0, 0, 0, 0, 0, 0, 0, 0, 0, 0, 0, 0,
            0, 0, 0, 0, 15, 16, 0, 0, 0, 0, 0, 17, 18, 0, 0, 0,
            0, 0, 0, 0, 54, 0, 0, 0, 0, 0, 0, 56, 0, 0, 0, 0,
            0, 0, 0, 0, 0, 0, 0, 0, 0, 0, 0, 0, 0, 0, 0, 0,
            0, 0, 0, 0, 0, 0, 0, 0, 0, 0, 0, 0, 0, 0, 0, 0,
            0, 0, 0, 0, 0, 0, 0, 0, 0, 0, 0, 0, 0, 0, 0, 0,
            0, 0, 0, 0, 0, 0, 0, 0, 0, 0, 0, 0, 0, 0, 0, 0,
            0, 0, 0, 0, 0, 0, 0, 0, 0, 0, 0, 0, 0, 0, 0, 0,
            0, 0, 0, 0, 728, 735, 0, 0, 0, 0, 0, 728, 735, 0, 0, 0,
            0, 0, 0, 0, 845, 852, 0, 0, 0, 0, 0, 845, 852, 0, 0, 0,
            0, 0, 0, 0, 0, 0, 0, 0, 0, 0, 0, 0, 0, 0, 0, 0,
            0, 0, 0, 0, 0, 0, 0, 0, 0, 0, 0, 0, 0, 0, 0, 0,
            0, 0, 0, 0, 0, 0, 0, 0, 0, 0, 0, 0, 0, 0, 0, 0],
         "height":32,
         "id":4,
         "name":"Upmost",
         "opacity":1,
         "type":"tilelayer",
         "visible":true,
         "width":16,
         "x":0,
         "y":0
        }],
 "nextlayerid":7,
 "nextobjectid":41,
 "orientation":"orthogonal",
 "renderorder":"right-down",
 "tiledversion":"1.11.2",
 "tileheight":16,
 "tilesets":[
        {
         "firstgid":1,
         "source":"topdownasset.json"
        }],
 "tilewidth":16,
 "type":"map",
 "version":"1.10",
 "width":16
}