{ "compressionlevel":-1,
 "height":20,
 "infinite":false,
 "layers":[
        {
         "data":[0, 0, 0, 0, 0, 0, 0, 0, 0, 0, 0, 0, 0, 0, 0, 0, 0, 0, 0, 0, 0, 0, 0, 0, 0, 0, 0, 0, 0, 0,
            0, 0, 0, 0, 0, 0, 0, 0, 0, 0, 0, 0, 0, 0, 0, 0, 0, 0, 0, 0, 0, 0, 0, 0, 0, 0, 0, 0, 0, 0,
            0, 0, 0, 0, 0, 67, 68, 68, 68, 68, 68, 68, 68, 68, 68, 68, 68, 68, 68, 68, 68, 68, 68, 68, 147, 0, 0, 0, 0, 0,
            0, 0, 0, 0, 0, 68, 68, 68, 68, 68, 68, 68, 68, 68, 68, 68, 68, 68, 68, 68, 68, 68, 68, 68, 68, 0, 0, 0, 0, 0,
            0, 0, 0, 0, 0, 185, 185, 185, 185, 185, 185, 185, 185, 185, 185, 185, 185, 185, 185, 185, 185, 185, 185, 185, 185, 0, 0, 0, 0, 0,
            0, 0, 0, 0, 0, 185, 185, 185, 185, 185, 185, 185, 185, 185, 185, 185, 185, 185, 185, 185, 185, 185, 185, 185, 185, 0, 0, 0, 0, 0,
            0, 0, 0, 0, 0, 185, 185, 185, 185, 185, 185, 185, 185, 185, 185, 185, 185, 185, 185, 185, 185, 185, 185, 185, 185, 0, 0, 0, 0, 0,
            0, 0, 0, 0, 0, 185, 185, 185, 185, 437, 437, 437, 437, 437, 185, 185, 437, 397, 398, 437, 437, 185, 185, 185, 185, 0, 0, 0, 0, 0,
            0, 0, 0, 0, 0, 185, 185, 185, 185, 397, 397, 397, 397, 397, 185, 185, 398, 436, 437, 397, 398, 185, 185, 185, 185, 0, 0, 0, 0, 0,
            0, 0, 0, 0, 0, 185, 185, 185, 185, 397, 398, 397, 398, 397, 185, 185, 397, 397, 397, 436, 437, 185, 185, 185, 185, 0, 0, 0, 0, 0,
            0, 0, 0, 0, 0, 185, 185, 185, 185, 436, 437, 436, 437, 436, 185, 185, 436, 436, 436, 436, 436, 185, 185, 185, 185, 0, 0, 0, 0, 0,
            0, 0, 0, 0, 0, 185, 185, 185, 185, 397, 397, 397, 397, 397, 185, 185, 397, 397, 397, 397, 397, 185, 185, 185, 185, 0, 0, 0, 0, 0,
            0, 0, 0, 0, 0, 185, 185, 185, 185, 398, 398, 436, 436, 436, 185, 185, 436, 436, 436, 436, 436, 185, 185, 185, 185, 0, 0, 0, 0, 0,
            0, 0, 0, 0, 0, 185, 185, 185, 185, 398, 437, 398, 398, 398, 185, 185, 398, 398, 398, 398, 398, 185, 185, 185, 185, 0, 0, 0, 0, 0,
            0, 0, 0, 0, 0, 185, 185, 185, 185, 185, 185, 185, 185, 185, 185, 185, 185, 185, 185, 185, 185, 185, 185, 185, 185, 0, 0, 0, 0, 0,
            0, 0, 0, 0, 0, 185, 185, 185, 185, 185, 185, 185, 185, 185, 185, 185, 185, 185, 185, 185, 185, 185, 185, 185, 185, 0, 0, 0, 0, 0,
            0, 0, 0, 0, 0, 185, 185, 185, 185, 185, 185, 185, 185, 185, 185, 185, 185, 185, 185, 185, 185, 185, 185, 185, 185, 0, 0, 0, 0, 0,
            0, 0, 0, 0, 0, 0, 0, 0, 0, 0, 0, 0, 0, 0, 0, 0, 0, 0, 0, 0, 0, 0, 0, 0, 0, 0, 0, 0, 0, 0,
            0, 0, 0, 0, 0, 0, 0, 0, 0, 0, 0, 0, 0, 0, 0, 0, 0, 0, 0, 0, 0, 0, 0, 0, 0, 0, 0, 0, 0, 0,
            0, 0, 0, 0, 0, 0, 0, 0, 0, 0, 0, 0, 0, 0, 0, 0, 0, 0, 0, 0, 0, 0, 0, 0, 0, 0, 0, 0, 0, 0],
         "height":20,
         "id":1,
         "name":"Ground1",
         "opacity":1,
         "type":"tilelayer",
         "visible":true,
         "width":30,
         "x":0,
         "y":0
        }, 
        {
         "data":[0, 0, 0, 0, 0, 0, 0, 0, 0, 0, 0, 0, 0, 0, 0, 0, 0, 0, 0, 0, 0, 0, 0, 0, 0, 0, 0, 0, 0, 0,
            0, 0, 0, 0, 0, 0, 0, 0, 0, 0, 0, 0, 0, 0, 0, 0, 0, 0, 0, 0, 0, 0, 0, 0, 0, 0, 0, 0, 0, 0,
            0, 0, 0, 0, 0, 0, 0, 969, 1089, 1090, 1091, 969, 969, 969, 1089, 1090, 1091, 969, 969, 969, 1089, 1090, 1091, 969, 0, 0, 0, 0, 0, 0,
            0, 0, 0, 0, 0, 0, 0, 1008, 1128, 1129, 1130, 1008, 1008, 1008, 1128, 1129, 1130, 1008, 1008, 1008, 1128, 1129, 1130, 1008, 0, 0, 0, 0, 0, 0,
            0, 0, 0, 0, 0, 0, 0, 0, 0, 0, 0, 0, 0, 0, 0, 0, 0, 0, 0, 0, 0, 0, 0, 0, 0, 0, 0, 0, 0, 0,
            0, 0, 0, 0, 0, 0, 0, 0, 0, 0, 0, 0, 0, 0, 0, 0, 0, 0, 0, 0, 0, 0, 0, 0, 0, 0, 0, 0, 0, 0,
            0, 0, 0, 0, 0, 0, 0, 0, 0, 255, 256, 257, 258, 259, 0, 0, 255, 256, 257, 258, 259, 0, 0, 0, 0, 0, 0, 0, 0, 0,
            0, 0, 0, 0, 0, 0, 0, 0, 0, 0, 0, 0, 0, 0, 0, 0, 0, 0, 0, 0, 0, 0, 0, 0, 0, 0, 0, 0, 0, 0,
            0, 0, 0, 0, 0, 0, 0, 0, 0, 0, 680, 681, 682, 0, 0, 0, 0, 680, 681, 682, 0, 0, 0, 0, 0, 0, 0, 0, 0, 0,
            0, 0, 0, 0, 0, 0, 0, 0, 0, 0, 680, 681, 682, 0, 0, 0, 0, 680, 681, 682, 0, 0, 0, 0, 0, 0, 0, 0, 0, 0,
            0, 0, 0, 0, 0, 0, 0, 0, 0, 0, 680, 681, 682, 0, 0, 0, 0, 680, 681, 682, 0, 0, 0, 837, 0, 0, 0, 0, 0, 0,
            0, 0, 0, 0, 0, 0, 0, 0, 0, 0, 680, 681, 682, 0, 0, 0, 0, 680, 681, 682, 0, 0, 0, 0, 0, 0, 0, 0, 0, 0,
            0, 0, 0, 0, 0, 0, 0, 0, 0, 0, 680, 681, 682, 0, 0, 0, 0, 680, 681, 682, 0, 0, 0, 0, 0, 0, 0, 0, 0, 0,
            0, 0, 0, 0, 0, 0, 0, 0, 0, 0, 0, 0, 0, 0, 0, 0, 0, 0, 0, 0, 0, 0, 0, 0, 0, 0, 0, 0, 0, 0,
            0, 0, 0, 0, 0, 0, 0, 0, 0, 255, 256, 257, 258, 259, 0, 0, 255, 256, 257, 258, 259, 0, 0, 0, 0, 0, 0, 0, 0, 0,
            0, 0, 0, 0, 0, 0, 0, 0, 0, 0, 0, 0, 0, 0, 0, 0, 0, 0, 0, 0, 0, 0, 0, 0, 0, 0, 0, 0, 0, 0,
            0, 0, 0, 0, 0, 0, 0, 0, 0, 0, 0, 0, 0, 0, 0, 0, 0, 0, 0, 0, 0, 0, 0, 0, 0, 0, 0, 0, 0, 0,
            0, 0, 0, 0, 0, 0, 0, 0, 0, 0, 0, 0, 0, 184, 184, 184, 184, 0, 0, 0, 0, 0, 0, 0, 0, 0, 0, 0, 0, 0,
            0, 0, 0, 0, 0, 0, 0, 0, 0, 0, 0, 0, 0, 184, 184, 184, 184, 0, 0, 0, 0, 0, 0, 0, 0, 0, 0, 0, 0, 0,
            0, 0, 0, 0, 0, 0, 0, 0, 0, 0, 0, 0, 0, 0, 0, 0, 0, 0, 0, 0, 0, 0, 0, 0, 0, 0, 0, 0, 0, 0],
         "height":20,
         "id":2,
         "name":"Ground2",
         "opacity":1,
         "type":"tilelayer",
         "visible":true,
         "width":30,
         "x":0,
         "y":0
        }, 
        {
         "draworder":"topdown",
         "id":4,
         "name":"SpawnPoints",
         "objects":[
                {
                 "height":0,
                 "id":20,
                 "name":"signbath",
                 "point":true,
                 "rotation":0,
                 "type":"",
                 "visible":true,
                 "width":0,
                 "x":383.454545454545,
                 "y":170
                }, 
                {
                 "height":0,
                 "id":21,
                 "name":"old-man",
                 "point":true,
                 "rotation":0,
                 "type":"",
                 "visible":true,
                 "width":0,
                 "x":106,
                 "y":118
                }, 
                {
                 "height":0,
                 "id":23,
                 "name":"player",
                 "point":true,
                 "rotation":0,
                 "type":"",
                 "visible":true,
                 "width":0,
                 "x":214.281848822684,
                 "y":298.753482452212
                }],
         "opacity":1,
         "type":"objectgroup",
         "visible":true,
         "x":0,
         "y":0
        }, 
        {
         "draworder":"topdown",
         "id":5,
         "name":"Boundaries",
         "objects":[
                {
                 "height":190.655950220379,
                 "id":1,
                 "name":"",
                 "rotation":0,
                 "type":"",
                 "visible":true,
                 "width":14.9338864402385,
                 "x":66.2068965517241,
                 "y":64.7135079077003
                }, 
                {
                 "height":16.4272750842624,
                 "id":2,
                 "name":"",
                 "rotation":0,
                 "type":"",
                 "visible":true,
                 "width":319.08737360643,
                 "x":81.1407829919627,
                 "y":47.2906403940887
                }, 
                {
                 "height":192.149338864402,
                 "id":3,
                 "name":"",
                 "rotation":0,
                 "type":"",
                 "visible":true,
                 "width":11.9471091521908,
                 "x":399.730360383718,
                 "y":64.2157116930257
                }, 
                {
                 "height":14.9338864402385,
                 "id":4,
                 "name":"",
                 "rotation":0,
                 "type":"",
                 "visible":true,
                 "width":99.0614467202489,
                 "x":272.294529427016,
                 "y":272.294529427016
                }, 
                {
                 "height":14.9338864402385,
                 "id":5,
                 "name":"",
                 "rotation":0,
                 "type":"",
                 "visible":true,
                 "width":14.9338864402385,
                 "x":271.796733212341,
                 "y":288.224008296604
                }, 
                {
                 "height":7.9647394347939,
                 "id":6,
                 "name":"door-exit",
                 "rotation":0,
                 "type":"",
                 "visible":true,
                 "width":65.7091003370495,
                 "x":206.585429089966,
                 "y":304.153487166191
                }, 
                {
                 "height":14.9338864402386,
                 "id":7,
                 "name":"",
                 "rotation":0,
                 "type":"",
                 "visible":true,
                 "width":14.4360902255639,
                 "x":192.647135079077,
                 "y":288.224008296604
                }, 
                {
                 "height":15.4316826549131,
                 "id":8,
                 "name":"",
                 "rotation":0,
                 "type":"",
                 "visible":true,
                 "width":95.5768732175266,
                 "x":111.506352087114,
                 "y":272.79232564169
                }, 
                {
                 "height":15.9294788695878,
                 "id":9,
                 "name":"",
                 "rotation":0,
                 "type":"",
                 "visible":true,
                 "width":24.8898107337308,
                 "x":371.355976147265,
                 "y":256.365050557428
                }, 
                {
                 "height":16.4272750842624,
                 "id":10,
                 "name":"",
                 "rotation":0,
                 "type":"",
                 "visible":true,
                 "width":29.867772880477,
                 "x":81.6385792066373,
                 "y":255.867254342753
                }, 
                {
                 "height":15.4316826549131,
                 "id":11,
                 "name":"",
                 "rotation":0,
                 "type":"",
                 "visible":true,
                 "width":9.45812807881774,
                 "x":100.057039149598,
                 "y":65.2113041223749
                }, 
                {
                 "height":16.4272750842624,
                 "id":12,
                 "name":"",
                 "rotation":0,
                 "type":"",
                 "visible":true,
                 "width":12.4449053668654,
                 "x":369.862587503241,
                 "y":64.2157116930257
                }, 
                {
                 "height":12,
                 "id":13,
                 "name":"",
                 "rotation":0,
                 "type":"",
                 "visible":true,
                 "width":65.2113041223749,
                 "x":262.338605133523,
                 "y":94
                }, 
                {
                 "height":13,
                 "id":14,
                 "name":"",
                 "rotation":0,
                 "type":"",
                 "visible":true,
                 "width":64.2157116930257,
                 "x":150.334456831735,
                 "y":94
                }, 
                {
                 "height":12,
                 "id":15,
                 "name":"",
                 "rotation":0,
                 "type":"",
                 "visible":true,
                 "width":66.2068965517242,
                 "x":149.83666061706,
                 "y":223
                }, 
                {
                 "height":11.489499611097,
                 "id":16,
                 "name":"",
                 "rotation":0,
                 "type":"",
                 "visible":true,
                 "width":65.2113041223749,
                 "x":262.338605133523,
                 "y":223.510500388903
                }, 
                {
                 "height":81.1407829919627,
                 "id":17,
                 "name":"",
                 "rotation":0,
                 "type":"",
                 "visible":true,
                 "width":48.2862328234379,
                 "x":159.792584910552,
                 "y":126.938034742027
                }, 
                {
                 "height":81.6385792066373,
                 "id":18,
                 "name":"",
                 "rotation":0,
                 "type":"",
                 "visible":true,
                 "width":47.2906403940887,
                 "x":271.796733212341,
                 "y":126.938034742027
                }, 
                {
                 "height":7.50578640959762,
                 "id":19,
                 "name":"",
                 "rotation":0,
                 "type":"",
                 "visible":true,
                 "width":31.6947698399605,
                 "x":366.85817993259,
                 "y":157.619581870036
                }],
         "opacity":1,
         "type":"objectgroup",
         "visible":true,
         "x":0,
         "y":0
        }, 
        {
         "data":[0, 0, 0, 0, 0, 0, 0, 0, 0, 0, 0, 0, 0, 0, 0, 0, 0, 0, 0, 0, 0, 0, 0, 0, 0, 0, 0, 0, 0, 0,
            0, 0, 0, 0, 0, 0, 0, 0, 0, 0, 0, 0, 0, 0, 0, 0, 0, 0, 0, 0, 0, 0, 0, 0, 0, 0, 0, 0, 0, 0,
            0, 0, 0, 0, 0, 969, 969, 1088, 0, 0, 0, 1092, 0, 1088, 0, 0, 0, 1092, 0, 1088, 0, 0, 0, 1092, 969, 0, 0, 0, 0, 0,
            0, 0, 0, 0, 0, 1008, 1008, 1127, 0, 0, 0, 1131, 0, 1127, 0, 0, 0, 1131, 0, 1127, 0, 0, 0, 1131, 1008, 0, 0, 0, 0, 0,
            0, 0, 0, 0, 0, 0, 351, 0, 0, 0, 0, 0, 0, 0, 0, 0, 0, 0, 0, 0, 0, 0, 0, 351, 0, 0, 0, 0, 0, 0,
            0, 0, 0, 0, 0, 0, 0, 0, 0, 216, 217, 218, 219, 220, 0, 0, 216, 217, 218, 219, 220, 0, 0, 0, 0, 0, 0, 0, 0, 0,
            0, 0, 0, 0, 0, 0, 0, 0, 0, 0, 0, 0, 0, 0, 0, 0, 0, 0, 0, 0, 0, 0, 0, 0, 0, 0, 0, 0, 0, 0,
            0, 0, 0, 0, 0, 0, 0, 0, 0, 0, 0, 0, 0, 0, 0, 0, 0, 0, 0, 0, 0, 0, 0, 0, 0, 0, 0, 0, 0, 0,
            0, 0, 0, 0, 0, 0, 0, 0, 0, 0, 0, 0, 0, 0, 0, 0, 0, 0, 0, 0, 0, 0, 0, 0, 0, 0, 0, 0, 0, 0,
            0, 0, 0, 0, 0, 0, 0, 0, 0, 0, 0, 0, 0, 0, 0, 0, 0, 0, 0, 0, 0, 0, 0, 798, 799, 0, 0, 0, 0, 0,
            0, 0, 0, 0, 0, 0, 0, 0, 0, 0, 0, 0, 0, 0, 0, 0, 0, 0, 0, 0, 0, 0, 0, 0, 0, 0, 0, 0, 0, 0,
            0, 0, 0, 0, 0, 0, 0, 0, 0, 0, 0, 0, 0, 0, 0, 0, 0, 0, 0, 0, 0, 0, 0, 0, 0, 0, 0, 0, 0, 0,
            0, 0, 0, 0, 0, 0, 0, 0, 0, 0, 0, 0, 0, 0, 0, 0, 0, 0, 0, 0, 0, 0, 0, 0, 0, 0, 0, 0, 0, 0,
            0, 0, 0, 0, 0, 0, 0, 0, 0, 216, 217, 218, 219, 220, 0, 0, 216, 217, 218, 219, 220, 0, 0, 0, 0, 0, 0, 0, 0, 0,
            0, 0, 0, 0, 0, 0, 0, 0, 0, 0, 0, 0, 0, 0, 0, 0, 0, 0, 0, 0, 0, 0, 0, 0, 0, 0, 0, 0, 0, 0,
            0, 0, 0, 0, 0, 0, 0, 0, 0, 0, 0, 0, 0, 0, 0, 0, 0, 0, 0, 0, 0, 0, 0, 0, 0, 0, 0, 0, 0, 0,
            0, 0, 0, 0, 0, 348, 349, 0, 0, 0, 0, 0, 0, 0, 0, 0, 0, 0, 0, 0, 0, 0, 0, 348, 349, 0, 0, 0, 0, 0,
            0, 0, 0, 0, 0, 0, 0, 0, 0, 0, 0, 0, 0, 0, 0, 0, 0, 0, 0, 0, 0, 0, 0, 0, 0, 0, 0, 0, 0, 0,
            0, 0, 0, 0, 0, 0, 0, 0, 0, 0, 0, 0, 0, 0, 0, 0, 0, 0, 0, 0, 0, 0, 0, 0, 0, 0, 0, 0, 0, 0,
            0, 0, 0, 0, 0, 0, 0, 0, 0, 0, 0, 0, 0, 0, 0, 0, 0, 0, 0, 0, 0, 0, 0, 0, 0, 0, 0, 0, 0, 0],
         "height":20,
         "id":3,
         "name":"Upmost",
         "opacity":1,
         "type":"tilelayer",
         "visible":true,
         "width":30,
         "x":0,
         "y":0
        }],
 "nextlayerid":6,
 "nextobjectid":24,
 "orientation":"orthogonal",
 "renderorder":"right-down",
 "tiledversion":"1.11.2",
 "tileheight":16,
 "tilesets":[
        {
         "firstgid":1,
         "source":"topdownasset.json"
        }],
 "tilewidth":16,
 "type":"map",
 "version":"1.10",
 "width":30
}