{ "compressionlevel":-1,
 "height":20,
 "infinite":false,
 "layers":[
        {
         "data":[0, 67, 68, 68, 68, 68, 68, 68, 68, 68, 68, 68, 68, 68, 68, 68, 68, 68, 147, 0,
            0, 68, 68, 68, 68, 68, 68, 68, 68, 68, 68, 68, 68, 68, 68, 68, 68, 68, 68, 0,
            0, 171, 172, 251, 251, 252, 251, 251, 252, 251, 251, 251, 251, 251, 251, 251, 252, 0, 176, 0,
            0, 249, 398, 290, 290, 291, 290, 290, 291, 290, 290, 290, 290, 290, 290, 290, 291, 398, 215, 0,
            0, 288, 397, 398, 399, 397, 398, 399, 398, 399, 397, 398, 399, 397, 398, 399, 398, 399, 254, 0,
            0, 327, 290, 290, 289, 289, 328, 397, 398, 399, 398, 399, 328, 250, 251, 374, 374, 374, 293, 0,
            0, 288, 68, 68, 68, 374, 68, 397, 398, 399, 398, 399, 399, 374, 374, 374, 374, 374, 332, 0,
            0, 327, 212, 374, 68, 374, 68, 397, 398, 399, 398, 399, 399, 374, 374, 374, 374, 398, 215, 0,
            0, 210, 397, 398, 399, 399, 399, 397, 398, 399, 397, 398, 399, 398, 399, 399, 398, 399, 254, 0,
            0, 249, 290, 290, 290, 291, 292, 397, 398, 399, 398, 399, 289, 290, 291, 374, 374, 374, 293, 0,
            0, 288, 329, 329, 329, 330, 331, 397, 398, 399, 398, 399, 374, 374, 374, 374, 374, 374, 332, 0,
            0, 327, 212, 212, 212, 213, 214, 397, 398, 399, 398, 399, 212, 213, 214, 374, 374, 374, 215, 0,
            0, 249, 397, 397, 397, 398, 399, 397, 398, 399, 398, 399, 397, 398, 399, 399, 398, 399, 254, 0,
            0, 288, 397, 398, 399, 399, 399, 397, 398, 399, 398, 399, 251, 252, 251, 252, 251, 252, 293, 0,
            0, 327, 329, 329, 290, 291, 292, 397, 397, 397, 398, 399, 290, 291, 292, 289, 290, 291, 332, 0,
            0, 366, 368, 367, 368, 369, 370, 518, 212, 213, 252, 519, 369, 370, 370, 368, 369, 370, 371, 0,
            0, 0, 0, 0, 0, 0, 0, 557, 251, 252, 252, 558, 0, 0, 0, 0, 0, 0, 0, 0,
            0, 0, 0, 0, 0, 0, 0, 596, 329, 330, 331, 597, 0, 0, 0, 0, 0, 0, 0, 0,
            0, 0, 0, 0, 0, 0, 0, 366, 368, 369, 370, 371, 0, 0, 0, 0, 0, 0, 0, 0,
            0, 0, 0, 0, 0, 0, 0, 0, 0, 0, 0, 0, 0, 0, 0, 0, 0, 0, 0, 0],
         "height":20,
         "id":1,
         "name":"Ground",
         "opacity":1,
         "type":"tilelayer",
         "visible":true,
         "width":20,
         "x":0,
         "y":0
        }, 
        {
         "data":[0, 0, 0, 0, 0, 0, 0, 0, 0, 0, 0, 0, 0, 0, 0, 0, 0, 0, 0, 0,
            0, 0, 450, 451, 451, 452, 449, 450, 451, 452, 449, 450, 451, 449, 450, 451, 453, 453, 0, 0,
            0, 0, 489, 0, 0, 0, 0, 0, 0, 0, 0, 0, 0, 0, 0, 0, 0, 492, 0, 0,
            0, 0, 0, 0, 0, 0, 0, 0, 0, 0, 0, 0, 0, 0, 0, 0, 0, 0, 0, 0,
            0, 0, 0, 0, 0, 0, 0, 0, 0, 0, 0, 0, 0, 0, 0, 0, 0, 0, 0, 0,
            0, 0, 0, 0, 0, 0, 0, 0, 0, 0, 0, 0, 0, 0, 0, 0, 0, 0, 0, 0,
            0, 0, 68, 68, 68, 68, 68, 0, 0, 0, 0, 0, 68, 68, 68, 68, 68, 68, 0, 0,
            0, 0, 178, 179, 178, 179, 180, 0, 0, 0, 0, 0, 177, 178, 179, 178, 179, 180, 0, 0,
            0, 0, 0, 0, 0, 0, 0, 0, 0, 0, 0, 0, 0, 0, 0, 0, 0, 0, 0, 0,
            0, 0, 0, 0, 0, 0, 0, 0, 0, 0, 0, 0, 0, 0, 0, 0, 0, 0, 0, 0,
            0, 0, 68, 68, 68, 68, 68, 0, 0, 0, 0, 0, 68, 68, 68, 68, 68, 68, 0, 0,
            0, 0, 178, 179, 178, 179, 180, 0, 0, 0, 0, 0, 177, 178, 179, 178, 179, 180, 0, 0,
            0, 0, 0, 0, 0, 0, 0, 0, 0, 0, 0, 0, 0, 0, 0, 0, 0, 0, 0, 0,
            0, 0, 0, 0, 0, 954, 0, 0, 0, 0, 0, 0, 0, 0, 0, 0, 0, 0, 0, 0,
            0, 0, 737, 737, 738, 739, 740, 0, 0, 0, 0, 0, 0, 0, 0, 0, 0, 0, 0, 0,
            0, 0, 0, 0, 0, 0, 0, 0, 398, 398, 398, 0, 0, 0, 0, 0, 0, 0, 0, 0,
            0, 0, 0, 0, 0, 0, 0, 0, 398, 398, 398, 0, 0, 0, 0, 0, 0, 0, 0, 0,
            0, 0, 0, 0, 0, 0, 0, 0, 398, 398, 398, 0, 0, 0, 0, 0, 0, 0, 0, 0,
            0, 0, 0, 0, 0, 0, 0, 0, 0, 0, 0, 0, 0, 0, 0, 0, 0, 0, 0, 0,
            0, 0, 0, 0, 0, 0, 0, 0, 0, 0, 0, 0, 0, 0, 0, 0, 0, 0, 0, 0],
         "height":20,
         "id":2,
         "name":"Ground2",
         "opacity":1,
         "type":"tilelayer",
         "visible":true,
         "width":20,
         "x":0,
         "y":0
        }, 
        {
         "data":[0, 0, 0, 0, 0, 0, 0, 0, 0, 0, 0, 0, 0, 0, 0, 0, 0, 0, 0, 0,
            0, 0, 0, 0, 0, 0, 0, 0, 0, 0, 0, 0, 0, 0, 0, 0, 0, 0, 0, 0,
            0, 0, 0, 90, 91, 90, 91, 90, 91, 90, 91, 90, 91, 90, 91, 88, 89, 0, 0, 0,
            0, 0, 0, 129, 130, 129, 130, 129, 130, 129, 130, 129, 130, 129, 130, 127, 128, 0, 0, 0,
            0, 0, 0, 0, 0, 0, 0, 0, 0, 0, 0, 0, 0, 0, 0, 0, 0, 0, 0, 0,
            0, 0, 0, 0, 0, 0, 0, 0, 0, 0, 0, 0, 0, 0, 0, 0, 0, 0, 0, 0,
            0, 0, 233, 233, 233, 233, 233, 0, 0, 0, 0, 0, 233, 233, 233, 233, 233, 233, 0, 0,
            0, 0, 272, 272, 272, 272, 272, 0, 0, 0, 0, 0, 272, 272, 272, 272, 272, 272, 0, 0,
            0, 0, 0, 0, 0, 0, 0, 0, 0, 0, 0, 0, 0, 0, 0, 0, 0, 0, 0, 0,
            0, 0, 0, 0, 0, 0, 0, 0, 0, 0, 0, 0, 0, 0, 0, 0, 0, 0, 0, 0,
            0, 0, 233, 233, 233, 233, 233, 0, 0, 0, 0, 0, 233, 233, 233, 233, 233, 233, 0, 0,
            0, 0, 272, 272, 272, 272, 272, 0, 0, 0, 0, 0, 272, 272, 272, 272, 272, 272, 0, 0,
            0, 0, 0, 0, 0, 0, 0, 0, 0, 0, 0, 0, 0, 0, 0, 0, 0, 0, 0, 0,
            0, 0, 0, 0, 0, 957, 0, 0, 0, 0, 0, 0, 90, 91, 90, 91, 90, 91, 0, 0,
            0, 0, 115, 115, 115, 116, 117, 0, 0, 0, 0, 0, 129, 130, 129, 130, 129, 130, 0, 0,
            0, 0, 0, 0, 0, 0, 0, 0, 0, 0, 0, 0, 0, 0, 0, 0, 0, 0, 0, 0,
            0, 0, 0, 0, 0, 0, 0, 0, 0, 0, 0, 0, 0, 0, 0, 0, 0, 0, 0, 0,
            0, 0, 0, 0, 0, 0, 0, 0, 0, 0, 0, 0, 0, 0, 0, 0, 0, 0, 0, 0,
            0, 0, 0, 0, 0, 0, 0, 0, 0, 0, 0, 0, 0, 0, 0, 0, 0, 0, 0, 0,
            0, 0, 0, 0, 0, 0, 0, 0, 0, 0, 0, 0, 0, 0, 0, 0, 0, 0, 0, 0],
         "height":20,
         "id":3,
         "name":"Ground3",
         "opacity":1,
         "type":"tilelayer",
         "visible":true,
         "width":20,
         "x":0,
         "y":0
        }, 
        {
         "draworder":"topdown",
         "id":6,
         "name":"Boundaries",
         "objects":[
                {
                 "height":11,
                 "id":3,
                 "name":"door-exit",
                 "rotation":0,
                 "type":"",
                 "visible":true,
                 "width":62,
                 "x":120,
                 "y":297
                }, 
                {
                 "height":45,
                 "id":4,
                 "name":"",
                 "rotation":0,
                 "type":"",
                 "visible":true,
                 "width":12,
                 "x":184,
                 "y":252
                }, 
                {
                 "height":44,
                 "id":5,
                 "name":"",
                 "rotation":0,
                 "type":"",
                 "visible":true,
                 "width":15,
                 "x":103,
                 "y":252
                }, 
                {
                 "height":8,
                 "id":6,
                 "name":"",
                 "rotation":0,
                 "type":"",
                 "visible":true,
                 "width":85,
                 "x":18,
                 "y":252
                }, 
                {
                 "height":7,
                 "id":7,
                 "name":"",
                 "rotation":0,
                 "type":"",
                 "visible":true,
                 "width":106,
                 "x":197,
                 "y":252
                }, 
                {
                 "height":204,
                 "id":8,
                 "name":"",
                 "rotation":0,
                 "type":"",
                 "visible":true,
                 "width":9,
                 "x":297,
                 "y":47
                }, 
                {
                 "height":5,
                 "id":9,
                 "name":"",
                 "rotation":0,
                 "type":"",
                 "visible":true,
                 "width":23,
                 "x":272,
                 "y":42
                }, 
                {
                 "height":4,
                 "id":10,
                 "name":"",
                 "rotation":0,
                 "type":"",
                 "visible":true,
                 "width":25,
                 "x":23,
                 "y":42
                }, 
                {
                 "height":210,
                 "id":11,
                 "name":"",
                 "rotation":0,
                 "type":"",
                 "visible":true,
                 "width":6,
                 "x":16,
                 "y":42
                }, 
                {
                 "height":15,
                 "id":12,
                 "name":"",
                 "rotation":0,
                 "type":"",
                 "visible":true,
                 "width":222,
                 "x":49,
                 "y":43
                }, 
                {
                 "height":23,
                 "id":13,
                 "name":"",
                 "rotation":0,
                 "type":"",
                 "visible":true,
                 "width":79,
                 "x":32,
                 "y":97
                }, 
                {
                 "height":26,
                 "id":14,
                 "name":"",
                 "rotation":0,
                 "type":"",
                 "visible":true,
                 "width":97,
                 "x":191,
                 "y":95
                }, 
                {
                 "height":24,
                 "id":15,
                 "name":"",
                 "rotation":0,
                 "type":"",
                 "visible":true,
                 "width":96,
                 "x":192,
                 "y":161
                }, 
                {
                 "height":23,
                 "id":16,
                 "name":"",
                 "rotation":0,
                 "type":"",
                 "visible":true,
                 "width":79,
                 "x":32,
                 "y":161
                }, 
                {
                 "height":23,
                 "id":17,
                 "name":"",
                 "rotation":0,
                 "type":"",
                 "visible":true,
                 "width":94,
                 "x":193,
                 "y":209
                }, 
                {
                 "height":15,
                 "id":18,
                 "name":"",
                 "rotation":0,
                 "type":"",
                 "visible":true,
                 "width":79,
                 "x":32,
                 "y":224
                }],
         "opacity":1,
         "type":"objectgroup",
         "visible":true,
         "x":0,
         "y":0
        }, 
        {
         "draworder":"topdown",
         "id":5,
         "name":"SpawnPoints",
         "objects":[
                {
                 "height":0,
                 "id":1,
                 "name":"yuki",
                 "point":true,
                 "rotation":0,
                 "type":"",
                 "visible":true,
                 "width":0,
                 "x":67,
                 "y":221
                }, 
                {
                 "height":0,
                 "id":2,
                 "name":"player",
                 "point":true,
                 "rotation":0,
                 "type":"",
                 "visible":true,
                 "width":0,
                 "x":133,
                 "y":276
                }, 
                {
                 "height":0,
                 "id":20,
                 "name":"strawberrySpawn",
                 "point":true,
                 "rotation":0,
                 "type":"",
                 "visible":true,
                 "width":0,
                 "x":256,
                 "y":64
                }],
         "opacity":1,
         "type":"objectgroup",
         "visible":true,
         "x":0,
         "y":0
        }, 
        {
         "data":[0, 0, 0, 0, 0, 0, 0, 0, 0, 0, 0, 0, 0, 0, 0, 0, 0, 0, 0, 0,
            0, 0, 450, 451, 452, 453, 452, 453, 452, 453, 452, 453, 452, 453, 450, 451, 452, 453, 0, 0,
            0, 0, 0, 0, 0, 0, 0, 0, 0, 0, 0, 0, 0, 0, 0, 0, 0, 0, 0, 0,
            0, 0, 0, 0, 0, 0, 0, 0, 0, 0, 0, 0, 0, 0, 0, 0, 0, 0, 0, 0,
            0, 0, 0, 0, 0, 0, 0, 0, 0, 0, 0, 0, 0, 0, 0, 0, 0, 0, 0, 0,
            0, 0, 178, 179, 178, 179, 180, 0, 0, 0, 0, 0, 179, 178, 179, 180, 179, 180, 0, 0,
            0, 0, 272, 272, 272, 272, 272, 0, 0, 0, 0, 0, 272, 272, 272, 272, 272, 272, 0, 0,
            0, 0, 0, 0, 0, 0, 0, 0, 0, 0, 0, 0, 0, 0, 0, 0, 0, 0, 0, 0,
            0, 0, 0, 0, 0, 0, 0, 0, 0, 0, 0, 0, 0, 0, 0, 0, 0, 0, 0, 0,
            0, 0, 178, 179, 178, 179, 180, 0, 0, 0, 0, 0, 179, 178, 179, 180, 179, 180, 0, 0,
            0, 0, 272, 272, 272, 272, 272, 0, 0, 0, 0, 0, 272, 272, 272, 272, 272, 272, 0, 0,
            0, 0, 0, 0, 0, 0, 0, 0, 0, 0, 0, 0, 0, 0, 0, 0, 0, 0, 0, 0,
            0, 0, 0, 0, 0, 0, 0, 0, 0, 0, 0, 0, 450, 451, 452, 453, 452, 453, 0, 0,
            0, 0, 957, 956, 957, 956, 957, 0, 0, 0, 0, 0, 0, 0, 0, 0, 0, 0, 0, 0,
            0, 0, 0, 0, 0, 0, 0, 0, 0, 0, 0, 0, 0, 0, 0, 0, 0, 0, 0, 0,
            0, 0, 0, 0, 0, 0, 0, 0, 0, 0, 0, 0, 0, 0, 0, 0, 0, 0, 0, 0,
            0, 0, 0, 0, 0, 0, 0, 0, 0, 0, 0, 0, 0, 0, 0, 0, 0, 0, 0, 0,
            0, 0, 0, 0, 0, 0, 0, 0, 0, 0, 0, 0, 0, 0, 0, 0, 0, 0, 0, 0,
            0, 0, 0, 0, 0, 0, 0, 0, 0, 0, 0, 0, 0, 0, 0, 0, 0, 0, 0, 0,
            0, 0, 0, 0, 0, 0, 0, 0, 0, 0, 0, 0, 0, 0, 0, 0, 0, 0, 0, 0],
         "height":20,
         "id":4,
         "name":"Upmost",
         "opacity":1,
         "type":"tilelayer",
         "visible":true,
         "width":20,
         "x":0,
         "y":0
        }, 
        {
         "data":[0, 0, 0, 0, 0, 0, 0, 0, 0, 0, 0, 0, 0, 0, 0, 0, 0, 0, 0, 0,
            0, 0, 0, 0, 0, 0, 0, 0, 0, 0, 0, 0, 0, 0, 0, 0, 0, 0, 0, 0,
            0, 0, 0, 0, 0, 0, 0, 0, 0, 0, 0, 0, 0, 0, 0, 0, 0, 0, 0, 0,
            0, 0, 0, 0, 0, 0, 0, 0, 0, 0, 0, 0, 0, 0, 0, 0, 0, 0, 0, 0,
            0, 0, 0, 0, 0, 0, 0, 0, 0, 0, 0, 0, 0, 0, 0, 0, 0, 0, 0, 0,
            0, 0, 0, 0, 0, 0, 0, 0, 0, 0, 0, 0, 0, 0, 0, 0, 0, 0, 0, 0,
            0, 0, 0, 0, 0, 0, 0, 0, 0, 0, 0, 0, 0, 0, 0, 0, 0, 0, 0, 0,
            0, 0, 0, 0, 0, 0, 0, 0, 0, 0, 0, 0, 0, 0, 0, 0, 0, 0, 0, 0,
            0, 0, 0, 0, 0, 0, 0, 0, 0, 0, 0, 0, 0, 0, 0, 0, 0, 0, 0, 0,
            0, 0, 0, 0, 0, 0, 0, 0, 0, 0, 0, 0, 0, 0, 0, 0, 0, 0, 0, 0,
            0, 0, 0, 0, 0, 0, 0, 0, 0, 0, 0, 0, 0, 0, 0, 0, 0, 0, 0, 0,
            0, 0, 0, 0, 0, 0, 0, 0, 0, 0, 0, 0, 0, 0, 0, 0, 0, 0, 0, 0,
            0, 0, 0, 0, 0, 0, 0, 0, 0, 0, 0, 0, 0, 0, 0, 0, 0, 0, 0, 0,
            0, 0, 0, 0, 0, 190, 0, 0, 0, 0, 0, 0, 0, 0, 0, 0, 0, 0, 0, 0,
            0, 0, 0, 0, 0, 0, 0, 0, 0, 0, 0, 0, 0, 0, 0, 0, 0, 0, 0, 0,
            0, 0, 0, 0, 0, 0, 0, 0, 0, 0, 0, 0, 0, 0, 0, 0, 0, 0, 0, 0,
            0, 0, 0, 0, 0, 0, 0, 0, 0, 0, 0, 0, 0, 0, 0, 0, 0, 0, 0, 0,
            0, 0, 0, 0, 0, 0, 0, 0, 0, 0, 0, 0, 0, 0, 0, 0, 0, 0, 0, 0,
            0, 0, 0, 0, 0, 0, 0, 0, 0, 0, 0, 0, 0, 0, 0, 0, 0, 0, 0, 0,
            0, 0, 0, 0, 0, 0, 0, 0, 0, 0, 0, 0, 0, 0, 0, 0, 0, 0, 0, 0],
         "height":20,
         "id":7,
         "name":"Register",
         "opacity":1,
         "type":"tilelayer",
         "visible":true,
         "width":20,
         "x":0,
         "y":0
        }],
 "nextlayerid":8,
 "nextobjectid":21,
 "orientation":"orthogonal",
 "renderorder":"right-down",
 "tiledversion":"1.11.2",
 "tileheight":16,
 "tilesets":[
        {
         "firstgid":1,
         "source":"topdownasset.json"
        }],
 "tilewidth":16,
 "type":"map",
 "version":"1.10",
 "width":20
}